{
  "generated_at_utc": "2026-02-20T06:50:49.857468+00:00",
  "selected_model": "xgb_dart",
  "shap_source": "xgb_dart_gain_fallback_no_shap",
  "target_accuracy": 0.98,
  "target_accuracy_achieved": false,
  "feature_policy": {
    "mode": "use_all_required_features",
    "use_all_by_default": true,
    "expected_feature_count": 23,
    "selected_feature_count": 23
  },
  "split_shot_counts": {
    "train": 30,
    "val_total": 20,
    "val_calibration": 10,
    "val_threshold": 10,
    "test": 20
  },
  "calibration_split": {
    "calibration_shot_fraction": 0.5,
    "val_total_shots": 20,
    "val_calibration_shots": 10,
    "val_threshold_shots": 10
  },
  "plotting": {
    "plot_all_test_shots": false,
    "plot_shot_limit": 3,
    "test_shot_count": 20,
    "generated_timeline_png": 3
  },
  "artifact_file_counts": {
    "probability_timeline_png": 3,
    "report_plot_png_total": 5
  },
  "reason_summary": {
    "disruptive_shots_test": 4,
    "reason_rows": 4,
    "reason_top_k": 3
  },
  "baselines_val_raw": {
    "logreg": {
      "threshold": 0.5,
      "accuracy": 0.9606192286800652,
      "roc_auc": 0.22143698468786807,
      "pr_auc": 0.0006914866002144307,
      "tpr": 0.0,
      "fpr": 0.03859744495786899,
      "tp": 0,
      "fp": 142,
      "tn": 3537,
      "fn": 3,
      "ece_15_bins": 0.04256298937140449,
      "brier": 0.03832157767282285,
      "n_samples": 3682,
      "positive_rate": 0.0008147745790331341
    },
    "xgb_gbtree": {
      "threshold": 0.5,
      "accuracy": 0.9961977186311787,
      "roc_auc": 0.812177222071215,
      "pr_auc": 0.012467738407699037,
      "tpr": 0.0,
      "fpr": 0.002989942919271541,
      "tp": 0,
      "fp": 11,
      "tn": 3668,
      "fn": 3,
      "ece_15_bins": 0.24782547903070626,
      "brier": 0.06275989726079684,
      "n_samples": 3682,
      "positive_rate": 0.0008147745790331341
    },
    "xgb_dart": {
      "threshold": 0.5,
      "accuracy": 0.9828897338403042,
      "roc_auc": 0.7837727643381354,
      "pr_auc": 0.006947619677681027,
      "tpr": 0.0,
      "fpr": 0.01630877955966295,
      "tp": 0,
      "fp": 60,
      "tn": 3619,
      "fn": 3,
      "ece_15_bins": 0.28192282814910924,
      "brier": 0.08207828062797394,
      "n_samples": 3682,
      "positive_rate": 0.0008147745790331341
    }
  },
  "baselines_test_raw": {
    "logreg": {
      "threshold": 0.5,
      "accuracy": 0.8222149730875876,
      "roc_auc": 0.8727702924453827,
      "pr_auc": 0.1349605802306481,
      "tpr": 0.6756756756756757,
      "fpr": 0.17689530685920576,
      "tp": 25,
      "fp": 1078,
      "tn": 5016,
      "fn": 12,
      "ece_15_bins": 0.1766874572046686,
      "brier": 0.16451225872891437,
      "n_samples": 6131,
      "positive_rate": 0.006034904583265372
    },
    "xgb_gbtree": {
      "threshold": 0.5,
      "accuracy": 0.8626651443483934,
      "roc_auc": 0.8320789611403331,
      "pr_auc": 0.031667495450890565,
      "tpr": 0.40540540540540543,
      "fpr": 0.1345585822120118,
      "tp": 15,
      "fp": 820,
      "tn": 5274,
      "fn": 22,
      "ece_15_bins": 0.30814938153874094,
      "brier": 0.11706883550000492,
      "n_samples": 6131,
      "positive_rate": 0.006034904583265372
    },
    "xgb_dart": {
      "threshold": 0.5,
      "accuracy": 0.841135214483771,
      "roc_auc": 0.7957605620060493,
      "pr_auc": 0.04090604830958794,
      "tpr": 0.16216216216216217,
      "fpr": 0.1547423695438136,
      "tp": 6,
      "fp": 943,
      "tn": 5151,
      "fn": 31,
      "ece_15_bins": 0.330791199407576,
      "brier": 0.12891108796117495,
      "n_samples": 6131,
      "positive_rate": 0.006034904583265372
    }
  },
  "val_timepoint_calibrated": {
    "threshold": 0.026387959866220737,
    "accuracy": 0.9989136338946225,
    "roc_auc": 0.6361783093231856,
    "pr_auc": 0.005175630175630176,
    "tpr": 0.0,
    "fpr": 0.0002718129926610492,
    "tp": 0,
    "fp": 1,
    "tn": 3678,
    "fn": 3,
    "ece_15_bins": 0.0012570245077417096,
    "brier": 0.0008194631695462703,
    "n_samples": 3682,
    "positive_rate": 0.0008147745790331341
  },
  "test_timepoint_calibrated": {
    "threshold": 0.026387959866220737,
    "accuracy": 0.9611808840319687,
    "roc_auc": 0.7928511872555195,
    "pr_auc": 0.04336016946196371,
    "tpr": 0.02702702702702703,
    "fpr": 0.03314735805710535,
    "tp": 1,
    "fp": 202,
    "tn": 5892,
    "fn": 36,
    "ece_15_bins": 0.02435817846026166,
    "brier": 0.021894315447660993,
    "n_samples": 6131,
    "positive_rate": 0.006034904583265372
  },
  "test_shot_policy": {
    "shot_accuracy": 0.75,
    "shot_tpr": 0.0,
    "shot_fpr": 0.0625,
    "shot_tp": 0,
    "shot_fp": 1,
    "shot_tn": 15,
    "shot_fn": 4,
    "lead_time_ms_median": NaN,
    "lead_time_ms_p25": NaN,
    "lead_time_ms_p75": NaN,
    "n_shots": 20
  },
  "calibration_threshold_delta": {
    "before": {
      "brier": 0.08207828062797394,
      "ece_15_bins": 0.28192282814910924
    },
    "after": {
      "brier": 0.00081946316954627,
      "ece_15_bins": 0.0012570245077417096
    }
  },
  "calibration_val_delta": {
    "before": {
      "brier": 0.08207828062797394,
      "ece_15_bins": 0.28192282814910924
    },
    "after": {
      "brier": 0.00081946316954627,
      "ece_15_bins": 0.0012570245077417096
    }
  },
  "threshold_policy": {
    "objective": "shot_fpr_constrained",
    "max_shot_fpr": 0.02,
    "theta": 0.026387959866220737,
    "sustain_ms": 5.0,
    "selection_diag": {
      "shot_tpr": 0.0,
      "shot_fpr": 0.0,
      "shot_accuracy": 0.9,
      "lead_time_ms_median": -1000000000000.0,
      "max_shot_fpr": 0.02,
      "feasible_found": 1.0,
      "feasible_threshold_count": 295.0,
      "objective": "shot_fpr_constrained"
    }
  },
  "shap_topk": [
    {
      "feature": "Mir_avg_amp",
      "mean_abs_shap": 0.38767194747924805,
      "corr_feature_shap": NaN,
      "direction_hint": "not_available_without_shap",
      "mechanism_tags": "density_limit,locked_mode,low_q_current_limit"
    },
    {
      "feature": "Mir_VV",
      "mean_abs_shap": 0.17706070840358734,
      "corr_feature_shap": NaN,
      "direction_hint": "not_available_without_shap",
      "mechanism_tags": "density_limit,locked_mode"
    },
    {
      "feature": "sxr_skew",
      "mean_abs_shap": 0.12167204916477203,
      "corr_feature_shap": NaN,
      "direction_hint": "not_available_without_shap",
      "mechanism_tags": "density_limit,impurity_radiation_collapse"
    },
    {
      "feature": "mode_number_n",
      "mean_abs_shap": 0.1059737503528595,
      "corr_feature_shap": NaN,
      "direction_hint": "not_available_without_shap",
      "mechanism_tags": "locked_mode,low_q_current_limit"
    },
    {
      "feature": "dx_a",
      "mean_abs_shap": 0.02879169210791588,
      "corr_feature_shap": NaN,
      "direction_hint": "not_available_without_shap",
      "mechanism_tags": "vde_control_loss"
    },
    {
      "feature": "xuv_ratio",
      "mean_abs_shap": 0.025323892012238503,
      "corr_feature_shap": NaN,
      "direction_hint": "not_available_without_shap",
      "mechanism_tags": "density_limit,impurity_radiation_collapse"
    },
    {
      "feature": "xuv_var",
      "mean_abs_shap": 0.0229191854596138,
      "corr_feature_shap": NaN,
      "direction_hint": "not_available_without_shap",
      "mechanism_tags": "density_limit,impurity_radiation_collapse"
    },
    {
      "feature": "ne_nG",
      "mean_abs_shap": 0.021052854135632515,
      "corr_feature_shap": NaN,
      "direction_hint": "not_available_without_shap",
      "mechanism_tags": "density_limit"
    },
    {
      "feature": "n=1 amplitude",
      "mean_abs_shap": 0.017810972407460213,
      "corr_feature_shap": NaN,
      "direction_hint": "not_available_without_shap",
      "mechanism_tags": "locked_mode"
    },
    {
      "feature": "xuv_kurt",
      "mean_abs_shap": 0.015226082876324654,
      "corr_feature_shap": NaN,
      "direction_hint": "not_available_without_shap",