{"learner":{"attributes":{"scikit_learn":"{\"_estimator_type\": \"classifier\"}"},"feature_names":[],"feature_types":[],"gradient_booster":{"gbtree":{"model":{"cats":{"enc":[],"feature_segments":[],"sorted_idx":[]},"gbtree_model_param":{"num_parallel_tree":"1","num_trees":"10"},"iteration_indptr":[0,1,2,3,4,5,6,7,8,9,10],"tree_info":[0,0,0,0,0,0,0,0,0,0],"trees":[{"base_weights":[-4.6152193E-2,-1.9134465E0,1.649745E0,-1.3992326E-1,1.365721E-1,1.7776421E0,-1.3801418E-1,1.898025E0,-1.37751E-1,1.9173874E0,-1.2666667E-1,-1.24E-1,1.933326E0,1.360938E-1,-1.17599994E-1],"categories":[],"categories_nodes":[],"categories_segments":[],"categories_sizes":[],"default_left":[0,0,0,0,0,0,0,0,0,0,0,0,0,0,0],"id":0,"left_children":[1,3,5,-1,-1,7,-1,9,-1,11,-1,-1,13,-1,-1],"loss_changes":[1.2404521E4,6.1959326E2,9.542837E2,0E0,0E0,8.979917E2,0E0,1.4144629E2,0E0,1.1587207E2,0E0,0E0,7.808789E1,0E0,0E0],"parents":[2147483647,0,0,1,1,2,2,5,5,7,7,9,9,12,12],"right_children":[2,4,6,-1,-1,8,-1,10,-1,12,-1,-1,14,-1,-1],"split_conditions":[3.3131298E1,3.0267484E0,1.5323397E0,-1.3992326E-1,1.365721E-1,9.0344834E-1,-1.3801418E-1,3.0186367E-1,-1.37751E-1,-4.9931502E-1,-1.2666667E-1,-1.24E-1,3.2103004E0,1.360938E-1,-1.17599994E-1],"split_indices":[4,3,7,0,0,20,0,15,0,21,0,0,2,0,0],"split_type":[0,0,0,0,0,0,0,0,0,0,0,0,0,0,0],"sum_hessian":[3.9151309E3,1.8633413E3,2.0517898E3,1.8235E3,3.984127E1,1.9822897E3,6.95E1,1.9210397E3,6.125E1,1.9115397E3,9.5E0,7.75E0,1.9037897E3,1.8985397E3,5.25E0],"tree_param":{"num_deleted":"0","num_feature":"23","num_nodes":"15","size_leaf_vector":"1"}},{"base_weights":[1.01313464E-1,-1.3078687E-1,1.5303167E0,1.6547455E0,-1.2972116E-1,-1.3029873E-1,1.7315897E0,-1.302046E-1,1.7714676E0,1.7934116E0,-1.22267105E-1,7.755214E-2,1.3007039E-1],"categories":[],"categories_nodes":[],"categories_segments":[],"categories_sizes":[],"default_left":[0,0,0,0,0,0,0,0,0,0,0,0,0],"id":1,"left_children":[1,-1,3,5,-1,-1,7,-1,9,11,-1,-1,-1],"loss_changes":[1.1894443E4,0E0,1.0341045E3,6.416089E2,0E0,0E0,3.3453125E2,0E0,1.7975488E2,9.8862305E1,0E0,0E0,0E0],"parents":[2147483647,0,0,2,2,3,3,6,6,8,8,9,9],"right_children":[2,-1,4,6,-1,-1,8,-1,10,12,-1,-1,-1],"split_conditions":[4.6149E-1,-1.3078687E-1,9.292625E-1,-1.7206771E0,-1.2972116E-1,-1.3029873E-1,9.488157E-3,-1.302046E-1,7.7753525E3,1.6724247E0,-1.22267105E-1,7.755214E-2,1.3007039E-1],"split_indices":[3,0,7,19,0,0,22,0,5,0,0,0,0],"split_type":[0,0,0,0,0,0,0,0,0,0,0,0,0],"sum_hessian":[4.2238086E3,1.7757954E3,2.4480132E3,2.3616726E3,8.634049E1,5.001294E1,2.3116597E3,2.4883097E1,2.2867766E3,2.2730886E3,1.3687968E1,1.9769783E2,2.0753906E3],"tree_param":{"num_deleted":"0","num_feature":"23","num_nodes":"13","size_leaf_vector":"1"}},{"base_weights":[3.7127964E-3,-1.287447E0,1.3843132E0,1.2318868E-1,-1.2348496E-1,1.6069458E0,-1.2714691E-1,1.6586851E0,-1.2118639E-1,1.6956179E0,-1.17251925E-1,3.009179E-1,1.7524029E0,1.2337507E-1,-1.19738795E-1,1.23808905E-1,-1.2232755E-1],"categories":[],"categories_nodes":[],"categories_segments":[],"categories_sizes":[],"default_left":[0,0,0,0,0,0,0,0,0,0,0,0,0,0,0,0,0],"id":2,"left_children":[1,3,5,-1,-1,7,-1,9,-1,11,-1,13,15,-1,-1,-1,-1],"loss_changes":[7.001242E3,2.9508281E3,1.3554355E3,0E0,0E0,3.0946777E2,0E0,2.1812988E2,0E0,1.3647803E2,0E0,2.0553098E2,9.788281E1,0E0,0E0,0E0,0E0],"parents":[2147483647,0,0,1,1,2,2,5,5,7,7,9,9,11,11,12,12],"right_children":[2,4,6,-1,-1,8,-1,10,-1,12,-1,14,16,-1,-1,-1,-1],"split_conditions":[2.306294E-2,1.0146013E-1,4.178226E0,1.2318868E-1,-1.2348496E-1,4.23258E-1,-1.2714691E-1,9.911309E-1,-1.2118639E-1,2E0,-1.17251925E-1,1.4914284E0,1.0502693E-1,1.2337507E-1,-1.19738795E-1,1.23808905E-1,-1.2232755E-1],"split_indices":[10,16,11,0,0,21,0,7,0,2,0,0,17,0,0,0,0],"split_type":[0,0,0,0,0,0,0,0,0,0,0,0,0,0,0,0,0],"sum_hessian":[3.9255989E3,2.0285415E3,1.8970574E3,2.7400482E2,1.7545367E3,1.7741499E3,1.2290748E2,1.747567E3,2.6582922E1,1.7289045E3,1.8662462E1,6.788459E1,1.6610199E3,3.9388065E1,2.8496523E1,1.6538143E3,7.2055464E0],"tree_param":{"num_deleted":"0","num_feature":"23","num_nodes":"17","size_leaf_vector":"1"}},{"base_weights":[3.171998E-2,-1.5908681E0,1.4062517E0,-1.1728092E-1,1.4600535E-1,-1.1543071E-1,1.4995866E0,-1.164666E-1,1.5709306E0,-1.15610555E-1,1.6091316E0,1.6270512E0,-1.092639E-1,-1.1194272E-1,1.1466226E-1],"categories":[],"categories_nodes":[],"categories_segments":[],"categories_sizes":[],"default_left":[0,0,0,0,0,0,0,0,0,0,0,0,0,0,0],"id":3,"left_children":[1,3,5,-1,-1,-1,7,-1,9,-1,11,13,-1,-1,-1],"loss_changes":[8.700514E3,5.59812E2,6.047217E2,0E0,0E0,0E0,4.6524658E2,0E0,2.495E2,0E0,1.1513965E2,7.246582E1,0E0,0E0,0E0],"parents":[2147483647,0,0,1,1,2,2,6,6,8,8,10,10,11,11],"right_children":[2,4,6,-1,-1,-1,8,-1,10,-1,12,14,-1,-1,-1],"split_conditions":[2.6673971E1,3.4615347E0,1.258962E-3,-1.1728092E-1,1.4600535E-1,-1.1543071E-1,-1.7760684E0,-1.164666E-1,7.835972E-3,-1.15610555E-1,7.7753525E3,-5.02443E-1,-1.092639E-1,-1.1194272E-1,1.1466226E-1],"split_indices":[4,1,12,0,0,0,19,0,22,0,5,21,0,0,0],"split_type":[0,0,0,0,0,0,0,0,0,0,0,0,0,0,0],"sum_hessian":[3.8990496E3,1.7881003E3,2.1109492E3,1.7484259E3,3.9674465E1,6.2081493E1,2.0488677E3,4.4696613E1,2.0041711E3,2.2985197E1,1.981186E3,1.9705337E3,1.0652277E1,6.1936955E0,1.96434E3],"tree_param":{"num_deleted":"0","num_feature":"23","num_nodes":"15","size_leaf_vector":"1"}},{"base_weights":[-8.5738756E-2,-1.611892E0,1.3879976E0,-1.178001E-1,1.13671646E-1,1.537992E0,-1.2101272E-1,-1.2276282E-1,1.6084315E0,1.6738533E0,-1.18080124E-1,1.6905752E0,-1.09873325E-1,-8.0801204E-2,1.1861571E-1],"categories":[],"categories_nodes":[],"categories_segments":[],"categories_sizes":[],"default_left":[0,0,0,0,0,0,0,0,0,0,0,0,0,0,0],"id":4,"left_children":[1,3,5,-1,-1,7,-1,-1,9,11,-1,13,-1,-1,-1],"loss_changes":[8.263411E3,4.171914E2,8.764719E2,0E0,0E0,4.1643896E2,0E0,0E0,3.7944727E2,9.558838E1,0E0,2.1043945E1,0E0,0E0,0E0],"parents":[2147483647,0,0,1,1,2,2,5,5,8,8,9,9,11,11],"right_children":[2,4,6,-1,-1,8,-1,-1,10,12,-1,14,-1,-1,-1],"split_conditions":[3.3131298E1,3.4615347E0,4.6765265E0,-1.178001E-1,1.13671646E-1,1.365839E-3,-1.2101272E-1,-1.2276282E-1,2.1644819E0,3.0186367E-1,-1.18080124E-1,-5.1564175E-1,-1.09873325E-1,-8.0801204E-2,1.1861571E-1],"split_indices":[4,1,11,0,0,12,0,0,1,15,0,21,0,0,0],"split_type":[0,0,0,0,0,0,0,0,0,0,0,0,0,0,0],"sum_hessian":[3.6720244E3,1.8038856E3,1.8681388E3,1.7656417E3,3.824389E1,1.7828455E3,8.5293335E1,3.6850838E1,1.7459946E3,1.7124884E3,3.350621E1,1.7041812E3,8.307273E0,1.9500601E0,1.7022311E3],"tree_param":{"num_deleted":"0","num_feature":"23","num_nodes":"15","size_leaf_vector":"1"}},{"base_weights":[6.879438E-2,-1.4596922E0,1.2560214E0,1.2870975E-1,-1.078572E-1,1.3518326E0,-1.0718096E-1,1.4426012E0,-1.0784924E-1,-1.2571305E-1,1.4747542E0,1.4941739E0,-1.0201668E-1,1.0551455E-1,-1.0577061E-1],"categories":[],"categories_nodes":[],"categories_segments":[],"categories_sizes":[],"default_left":[0,0,0,0,0,0,0,0,0,0,0,0,0,0,0],"id":5,"left_children":[1,3,5,-1,-1,7,-1,9,-1,-1,11,13,-1,-1,-1],"loss_changes":[6.9577544E3,4.5135864E2,5.7833887E2,0E0,0E0,5.501113E2,0E0,2.1338232E2,0E0,0E0,1.16313965E2,8.114795E1,0E0,0E0,0E0],"parents":[2147483647,0,0,1,1,2,2,5,5,7,7,10,10,11,11],"right_children":[2,4,6,-1,-1,8,-1,10,-1,-1,12,14,-1,-1,-1],"split_conditions":[4.6149E-1,3.2726757E-6,1.5323397E0,1.2870975E-1,-1.078572E-1,5.048411E-1,-1.0718096E-1,-4.3601862E-1,-1.0784924E-1,-1.2571305E-1,7.7753525E3,3.2103004E0,-1.0201668E-1,1.0551455E-1,-1.0577061E-1],"split_indices":[3,13,7,0,0,21,0,21,0,0,5,2,0,0,0],"split_type":[0,0,0,0,0,0,0,0,0,0,0,0,0,0,0],"sum_hessian":[3.83218E3,1.6752117E3,2.1569683E3,3.9693077E1,1.6355186E3,2.0857832E3,7.118524E1,2.022808E3,6.2975044E1,1.9346466E1,2.0034615E3,1.990767E3,1.2694545E1,1.9825725E3,8.194511E0],"tree_param":{"num_deleted":"0","num_feature":"23","num_nodes":"15",