{
  "generated_at_utc": "2026-02-19T16:02:34.301109+00:00",
  "run_name": "adv_gru_ws128_st16_e5_s42",
  "model_name": "gru",
  "window_size": 128,
  "stride": 16,
  "val_timepoint_calibrated": {
    "threshold": 0.8588963210702341,
    "accuracy": 0.965598123534011,
    "roc_auc": 0.9503588516746412,
    "pr_auc": 0.38395788511411133,
    "tpr": 0.3409090909090909,
    "fpr": 0.012145748987854251,
    "tp": 15,
    "fp": 15,
    "tn": 1220,
    "fn": 29,
    "ece_15_bins": 0.024149236258690338,
    "brier": 0.03466183956767896,
    "n_samples": 1279,
    "positive_rate": 0.03440187646598905
  },
  "test_timepoint_calibrated": {
    "threshold": 0.8588963210702341,
    "accuracy": 0.9845087647778231,
    "roc_auc": 0.9864048003896996,
    "pr_auc": 0.7607845061932363,
    "tpr": 0.5263157894736842,
    "fpr": 0.0008413967185527977,
    "tp": 40,
    "fp": 2,
    "tn": 2375,
    "fn": 36,
    "ece_15_bins": 0.0035771450594309644,
    "brier": 0.011185839950786838,
    "n_samples": 2453,
    "positive_rate": 0.030982470444353854
  },
  "test_shot_policy": {
    "shot_accuracy": 0.9248554913294798,
    "shot_tpr": 0.6842105263157895,
    "shot_fpr": 0.007407407407407408,
    "shot_tp": 26,
    "shot_fp": 1,
    "shot_tn": 134,
    "shot_fn": 12,
    "lead_time_ms_median": 0.0,
    "lead_time_ms_p25": 0.0,
    "lead_time_ms_p75": 0.7554384657881315,
    "n_shots": 173
  },
  "threshold_policy": {
    "objective": "shot_fpr_constrained",
    "max_shot_fpr": 0.02,
    "theta": 0.8588963210702341,
    "sustain_ms": 3.0,
    "selection_diag": {
      "shot_tpr": 0.6842105263157895,
      "shot_fpr": 0.04411764705882353,
      "shot_accuracy": 0.896551724137931,
      "lead_time_ms_median": 0.0,
      "max_shot_fpr": 0.02,
      "feasible_found": 0.0,
      "feasible_threshold_count": 0.0,
      "objective": "shot_fpr_constrained"
    }
  },
  "calibration_delta_val_threshold": {
    "before": {
      "brier": 0.07869930290652742,
      "ece_15_bins": 0.13032011869006516
    },
    "after": {
      "brier": 0.03466183956767896,
      "ece_15_bins": 0.024149236258690338
    }
  },
  "reason_summary": {
    "reason_top_k": 3,
    "reason_rows": 38,
    "disruptive_shots_test": 38
  },
  "plotting": {
    "plot_all_test_shots": true,
    "plot_shot_limit": 0,
    "test_shot_count": 173,
    "generated_timeline_png": 173
  }
}