held_out_shot_id,held_out_label,theta_selected,predicted_warning,correct
1051740,0,0.026387959866220737,0,1
1053066,0,0.026387959866220737,0,1
1053774,0,0.026387959866220737,0,1
1054646,0,0.026387959866220737,0,1
1055963,0,0.026387959866220737,0,1
1056572,0,0.026387959866220737,0,1
1056829,0,0.026387959866220737,0,1
1057092,0,0.026387959866220737,0,1
1057859,0,0.026387959866220737,0,1
